{
  "metrics": {
    "http_reqs": {
      "contains": "default",
      "values": {
        "count": 5400,
        "rate": 88.69670699628735
      },
      "type": "counter"
    },
    "checks": {
      "type": "rate",
      "contains": "default",
      "values": {
        "rate": 1,
        "passes": 5400,
        "fails": 0
      }
    },
    "http_req_blocked": {
      "type": "trend",
      "contains": "time",
      "values": {
        "p(90)": 0,
        "p(95)": 0,
        "avg": 0.033439648148148114,
        "min": 0,
        "med": 0,
        "max": 3.6535
      }
    },
    "http_req_duration{expected_response:true}": {
      "type": "trend",
      "contains": "time",
      "values": {
        "avg": 9.500731259259293,
        "min": 0,
        "med": 8.82345,
        "max": 37.3036,
        "p(90)": 15.288390000000021,
        "p(95)": 17.2966
      }
    },
    "http_req_receiving": {
      "contains": "time",
      "values": {
        "avg": 3.1109902777777867,
        "min": 0,
        "med": 2.6255,
        "max": 14.3324,
        "p(90)": 6.2457,
        "p(95)": 8.0538
      },
      "type": "trend"
    },
    "data_sent": {
      "type": "counter",
      "contains": "data",
      "values": {
        "count": 896400,
        "rate": 14723.6533613837
      }
    },
    "http_req_duration": {
      "type": "trend",
      "contains": "time",
      "values": {
        "p(90)": 15.288390000000021,
        "p(95)": 17.2966,
        "avg": 9.500731259259293,
        "min": 0,
        "med": 8.82345,
        "max": 37.3036
      }
    },
    "http_req_waiting": {
      "type": "trend",
      "contains": "time",
      "values": {
        "avg": 6.3770938333333,
        "min": 0,
        "med": 5.6728000000000005,
        "max": 37.2522,
        "p(90)": 11.6776,
        "p(95)": 13.234830000000002
      }
    },
    "iterations": {
      "type": "counter",
      "contains": "default",
      "values": {
        "count": 5400,
        "rate": 88.69670699628735
      }
    },
    "iteration_duration": {
      "type": "trend",
      "contains": "time",
      "values": {
        "p(95)": 1025.51839,
        "avg": 1014.2728532037112,
        "min": 1000.1589,
        "med": 1013.6909,
        "max": 1045.8723,
        "p(90)": 1020.3526
      }
    },
    "vus_max": {
      "type": "gauge",
      "contains": "default",
      "values": {
        "value": 90,
        "min": 90,
        "max": 90
      }
    },
    "http_req_connecting": {
      "type": "trend",
      "contains": "time",
      "values": {
        "p(95)": 0,
        "avg": 0.018426555555555557,
        "min": 0,
        "med": 0,
        "max": 2.4457,
        "p(90)": 0
      }
    },
    "vus": {
      "type": "gauge",
      "contains": "default",
      "values": {
        "value": 90,
        "min": 90,
        "max": 90
      }
    },
    "http_req_failed": {
      "type": "rate",
      "contains": "default",
      "values": {
        "rate": 0,
        "passes": 0,
        "fails": 5400
      }
    },
    "http_req_tls_handshaking": {
      "values": {
        "avg": 0,
        "min": 0,
        "med": 0,
        "max": 0,
        "p(90)": 0,
        "p(95)": 0
      },
      "type": "trend",
      "contains": "time"
    },
    "http_req_sending": {
      "type": "trend",
      "contains": "time",
      "values": {
        "min": 0,
        "med": 0,
        "max": 1.1879,
        "p(90)": 0,
        "p(95)": 0,
        "avg": 0.012647148148148154
      }
    },
    "data_received": {
      "values": {
        "count": 891000,
        "rate": 14634.956654387412
      },
      "type": "counter",
      "contains": "data"
    }
  },
  "root_group": {
    "checks": [
      {
        "path": "::is status 200",
        "id": "548d37ca5f33793206f7832e7cea54fb",
        "passes": 5400,
        "fails": 0,
        "name": "is status 200"
      }
    ],
    "name": "",
    "path": "",
    "id": "d41d8cd98f00b204e9800998ecf8427e",
    "groups": []
  },
  "options": {
    "noColor": false,
    "summaryTrendStats": [
      "avg",
      "min",
      "med",
      "max",
      "p(90)",
      "p(95)"
    ],
    "summaryTimeUnit": ""
  },
  "state": {
    "isStdOutTTY": true,
    "isStdErrTTY": true,
    "testRunDurationMs": 60881.6289
  }
}